CREATE DATABASE  IF NOT EXISTS `sklep42` /*!40100 DEFAULT CHARACTER SET utf8 COLLATE utf8_polish_ci */;
USE `sklep42`;
-- MySQL dump 10.13  Distrib 5.7.17, for Win64 (x86_64)
--
-- Host: 127.0.0.1    Database: sklep42
-- ------------------------------------------------------
-- Server version	5.7.20

/*!40101 SET @OLD_CHARACTER_SET_CLIENT=@@CHARACTER_SET_CLIENT */;
/*!40101 SET @OLD_CHARACTER_SET_RESULTS=@@CHARACTER_SET_RESULTS */;
/*!40101 SET @OLD_COLLATION_CONNECTION=@@COLLATION_CONNECTION */;
/*!40101 SET NAMES utf8 */;
/*!40103 SET @OLD_TIME_ZONE=@@TIME_ZONE */;
/*!40103 SET TIME_ZONE='+00:00' */;
/*!40014 SET @OLD_UNIQUE_CHECKS=@@UNIQUE_CHECKS, UNIQUE_CHECKS=0 */;
/*!40014 SET @OLD_FOREIGN_KEY_CHECKS=@@FOREIGN_KEY_CHECKS, FOREIGN_KEY_CHECKS=0 */;
/*!40101 SET @OLD_SQL_MODE=@@SQL_MODE, SQL_MODE='NO_AUTO_VALUE_ON_ZERO' */;
/*!40111 SET @OLD_SQL_NOTES=@@SQL_NOTES, SQL_NOTES=0 */;

--
-- Table structure for table `customer`
--

DROP TABLE IF EXISTS `customer`;
/*!40101 SET @saved_cs_client     = @@character_set_client */;
/*!40101 SET character_set_client = utf8 */;
CREATE TABLE `customer` (
  `id` int(10) unsigned NOT NULL AUTO_INCREMENT,
  `email` varchar(100) COLLATE utf8_polish_ci NOT NULL,
  `name` varchar(100) COLLATE utf8_polish_ci NOT NULL,
  `surname` varchar(100) COLLATE utf8_polish_ci NOT NULL,
  `password` varchar(100) COLLATE utf8_polish_ci NOT NULL,
  `date_of_birth` date NOT NULL,
  PRIMARY KEY (`id`),
  UNIQUE KEY `id_UNIQUE` (`id`),
  UNIQUE KEY `email_UNIQUE` (`email`)
) ENGINE=InnoDB AUTO_INCREMENT=101 DEFAULT CHARSET=utf8 COLLATE=utf8_polish_ci;
/*!40101 SET character_set_client = @saved_cs_client */;

--
-- Dumping data for table `customer`
--

LOCK TABLES `customer` WRITE;
/*!40000 ALTER TABLE `customer` DISABLE KEYS */;
INSERT INTO `customer` VALUES (1,'iclampin0@shop-pro.jp','Iver','Clampin','sGak89yh','1991-09-07'),(2,'jchuter1@gmpg.org','Jeanne','Chuter','qqGNYh','1973-02-13'),(3,'rrehm2@timesonline.co.uk','Reeba','Rehm','mLwIvdbn7A9i','1949-08-06'),(4,'doganesian3@foxnews.com','Dukey','Oganesian','Pod2mAx','1973-05-28'),(5,'ekennsley4@nasa.gov','Eldredge','Kennsley','Pdj4FfP','1974-12-12'),(6,'ffranzel5@weibo.com','Flossy','Franzel','8dtsbLPXy','1989-08-06'),(7,'dlenaghen6@usatoday.com','Doria','Lenaghen','EvfC7Fsy23pp','1952-04-27'),(8,'ihebburn7@un.org','Isabelita','Hebburn','BIOCPplbNMF','1997-04-14'),(9,'ldaw8@ihg.com','Layney','Daw','5LdwRfeJ','1994-12-19'),(10,'tdominichetti9@nih.gov','Traver','Dominichetti','WzEkJgB9nvik','1974-10-16'),(11,'agumma@google.es','Arley','Gumm','DNO3x76k1xx','1982-02-01'),(12,'lmaiseyb@blogtalkradio.com','Lyndsie','Maisey','JGoGy8','1985-04-10'),(13,'kbaseggioc@nydailynews.com','Killy','Baseggio','S6QiwswFG8','1956-10-10'),(14,'nvanarsdalld@usgs.gov','Nance','Van Arsdall','wP6Q9FnjCtKv','1995-01-12'),(15,'adredgee@mediafire.com','Aleen','Dredge','EB1ibsqA','1966-08-09'),(16,'mlandref@huffingtonpost.com','Miller','Landre','abnpGKKoFPA6','1963-12-14'),(17,'hliebg@printfriendly.com','Hortensia','Lieb','dfwQbu7Eo','1952-10-11'),(18,'tchorltonh@fda.gov','Tobe','Chorlton','LQ0Wa8XkODV','1983-04-24'),(19,'chamblyi@exblog.jp','Clementia','Hambly','ZjYE5Wg0i','1991-11-26'),(20,'chutchinj@macromedia.com','Crista','Hutchin','ddCRseaa0','1963-12-26'),(21,'jhanfordk@tripod.com','Jody','Hanford','t5Hr84yV5HM','1989-05-14'),(22,'kfilchakovl@whitehouse.gov','Keefer','Filchakov','SAFrlDTOLFa','1977-10-18'),(23,'hskelbeckm@icq.com','Helen-elizabeth','Skelbeck','RoDhoBF0XTs','1975-04-21'),(24,'gohagann@quantcast.com','Garrick','O\'Hagan','BCD7XwO','1981-11-04'),(25,'bbonhano@harvard.edu','Bard','Bonhan','9CmcX8DuQRhi','1951-02-21'),(26,'jeversp@yandex.ru','Joscelin','Evers','FNtARsHCNJ','1979-11-23'),(27,'hantyshevq@blogtalkradio.com','Hollis','Antyshev','McQ4o7mmv','1982-09-05'),(28,'akarpetsr@technorati.com','Alard','Karpets','F1LnbWbznsk','1983-11-11'),(29,'aprues@scientificamerican.com','Armin','Prue','OCemJrAJzRk7','1969-06-22'),(30,'bgeraldit@ifeng.com','Bart','Geraldi','nt0MEQcqG','1980-11-09'),(31,'daizikovu@wordpress.org','Demetri','Aizikov','zRZUGc8ty5w','1990-05-08'),(32,'gskarmanv@telegraph.co.uk','Glyn','Skarman','5ykVZfJ6vf','1995-08-09'),(33,'cconnopw@sitemeter.com','Cornelia','Connop','cccD0IWSfqD','1988-10-28'),(34,'bdeldellox@naver.com','Bent','Del Dello','VZcHwYH','1995-08-18'),(35,'scartery@kickstarter.com','Stephine','Carter','jd8HuN','1960-09-14'),(36,'amcgeez@homestead.com','Arron','Mc Gee','xGsBk4VoU','1983-03-17'),(37,'cbroscombe10@sciencedaily.com','Cchaddie','Broscombe','jIPrLr','1980-11-02'),(38,'mfryatt11@columbia.edu','Menard','Fryatt','ysb1gIbjaQkX','1981-03-09'),(39,'cpoundford12@nytimes.com','Caterina','Poundford','hZPwStkRT','1979-01-27'),(40,'mgreste13@deliciousdays.com','Morgan','Greste','TkMm8A','1974-05-22'),(41,'nreyes14@java.com','Netti','Reyes','eepiDYp','1966-12-18'),(42,'hstode15@earthlink.net','Hansiain','Stode','wfYmzSYuO','1961-12-09'),(43,'cwissbey16@vk.com','Claribel','Wissbey','GbzYk1p1','1985-12-07'),(44,'crabjohns17@va.gov','Clive','Rabjohns','NtfFhz','1946-02-24'),(45,'fmarzelli18@angelfire.com','Francine','Marzelli','WGWdf4SY','1959-02-03'),(46,'awilcock19@php.net','Adam','Wilcock','XWUz7c4','1975-02-27'),(47,'gbrandolini1a@phpbb.com','Gwendolen','Brandolini','HOwvSQr','1970-01-03'),(48,'gmckiddin1b@taobao.com','Glennie','McKiddin','vKsfnp4HfpVQ','1984-07-10'),(49,'slinck1c@wikimedia.org','Simone','Linck','CIk8RGzeNUR','1988-10-16'),(50,'ibungey1d@state.tx.us','Ivan','Bungey','TgvSSGX','1994-10-26'),(51,'bgorcke1e@weibo.com','Birgit','Gorcke','01w6H3bXs8DE','1983-12-19'),(52,'grude1f@hao123.com','Georg','Rude','pcxgXx1rEy','1954-07-18'),(53,'tluby1g@tinyurl.com','Tony','Luby','HG5NEZwFFO','1947-03-14'),(54,'nwheowall1h@miitbeian.gov.cn','Noam','Wheowall','LgYO1ZtYdLA','1983-09-22'),(55,'jconan1i@miitbeian.gov.cn','Jenna','Conan','6skSoN2RUi','1973-02-23'),(56,'fmckag1j@nymag.com','Frederica','McKag','sul0pWNHQAU','1992-09-20'),(57,'ecleare1k@china.com.cn','Essa','Cleare','MKN2HiiX','1951-03-02'),(58,'framalho1l@google.nl','Fran','Ramalho','c5wzXrUSm','1953-10-09'),(59,'gbrolechan1m@phoca.cz','Genevieve','Brolechan','nsg2XA51','1963-06-21'),(60,'vmeachan1n@techcrunch.com','Vanny','Meachan','PfXSWdh7qffw','1960-06-21'),(61,'eshoebridge1o@de.vu','Eada','Shoebridge','j68yiszHc','1988-11-25'),(62,'ushovelbottom1p@tripod.com','Ursulina','Shovelbottom','ZoSxtJscTHz','1967-04-05'),(63,'cmackissack1q@cdc.gov','Claire','MacKissack','xDHwB3Rf','1968-11-08'),(64,'oamey1r@shinystat.com','Oralla','Amey','iMck1I','1997-05-08'),(65,'tlaidel1s@cnbc.com','Traci','Laidel','QYOGdteCF0FD','1983-08-09'),(66,'aruben1t@pcworld.com','Archie','Ruben','l1pTO3uKPLC','1999-10-12'),(67,'azealander1u@aboutads.info','Anett','Zealander','tl4yiu','1969-08-21'),(68,'rdavie1v@ebay.co.uk','Reynolds','Davie','GrLtrDF','1999-01-07'),(69,'iaslum1w@sakura.ne.jp','Ibby','Aslum','Xu2sp2Caa','1997-12-19'),(70,'raaronson1x@topsy.com','Robb','Aaronson','OjetVJOH','1977-04-13'),(71,'hkneal1y@japanpost.jp','Ham','Kneal','Bs7rev','1999-03-04'),(72,'fcrix1z@dell.com','Fred','Crix','6EVxig5PH','1997-02-17'),(73,'wroll20@wikimedia.org','Willem','Roll','COuRFWa','1949-03-23'),(74,'hbubbings21@altervista.org','Haroun','Bubbings','XryOPTjiI','1953-11-23'),(75,'nlipprose22@seattletimes.com','Nevins','Lipprose','lcrEH6Xq','1962-05-02'),(76,'strodden23@google.de','Sergio','Trodden','B7vxUhs1t8e','1962-07-18'),(77,'spleaden24@biglobe.ne.jp','Shell','Pleaden','TUbYrgFjJ','1987-05-17'),(78,'rdambrogi25@about.me','Rene','D\'Ambrogi','Qr6zX9k','1952-09-20'),(79,'pmaclean26@webeden.co.uk','Portie','Maclean','7jUunZN','1998-08-21'),(80,'mcurnow27@cocolog-nifty.com','Marilee','Curnow','OLDqNrI','1948-07-16'),(81,'locorrin28@jiathis.com','Luciano','O\'Corrin','EXNq4Jyg','1972-06-24'),(82,'mianniello29@1und1.de','Margie','Ianniello','tlztqquw','1973-06-23'),(83,'bpaish2a@google.com','Becki','Paish','9YXUbdBks0hx','1983-11-05'),(84,'lgothrup2b@bravesites.com','Lukas','Gothrup','Zj0K0biqH','1949-03-19'),(85,'ljulyan2c@plala.or.jp','Lazaro','Julyan','kJns8MSz','1977-08-22'),(86,'bbarnaclough2d@addtoany.com','Brion','Barnaclough','71tfFUukc1','1995-09-15'),(87,'ncristofolo2e@goodreads.com','Normand','Cristofolo','PwoRgS','1990-09-01'),(88,'lfardy2f@wsj.com','Lionello','Fardy','ooczNksguVF','1991-04-25'),(89,'mrackstraw2g@about.me','Marlow','Rackstraw','GZNC6VQm','1961-02-20'),(90,'gvanderweedenburg2h@cnbc.com','Guenna','Van Der Weedenburg','jIwTzZCQrG5','1962-05-09'),(91,'lhinze2i@google.de','Lurleen','Hinze','KVkPtZzIu','1963-05-20'),(92,'eandryunin2j@gizmodo.com','Eziechiele','Andryunin','o1AOtp','1978-04-11'),(93,'tbyford2k@symantec.com','Tandy','Byford','tTHEKmn','1946-06-19'),(94,'vwinham2l@multiply.com','Vito','Winham','HtI2DeU','1999-10-27'),(95,'cbawden2m@privacy.gov.au','Coleman','Bawden','Qedlc8Xe8','1955-01-23'),(96,'ohark2n@msn.com','Omar','Hark','FJ9ZhRwxGx','1975-11-02'),(97,'lleal2o@wsj.com','Laraine','Leal','27QIbY498H7g','1961-11-26'),(98,'ebeardall2p@squarespace.com','Eudora','Beardall','chPaCq','1995-08-16'),(99,'hmouncher2q@nps.gov','Hewie','Mouncher','jaVIh3j8','1960-06-20'),(100,'arevan2r@sina.com.cn','Ardath','Revan','obO7sDzD1A','1995-02-28');
/*!40000 ALTER TABLE `customer` ENABLE KEYS */;
UNLOCK TABLES;

--
-- Table structure for table `order`
--

DROP TABLE IF EXISTS `order`;
/*!40101 SET @saved_cs_client     = @@character_set_client */;
/*!40101 SET character_set_client = utf8 */;
CREATE TABLE `order` (
  `id` int(10) unsigned NOT NULL AUTO_INCREMENT,
  `ordered_date` datetime NOT NULL,
  `customer_id` int(10) unsigned NOT NULL,
  `status` varchar(20) COLLATE utf8_polish_ci NOT NULL,
  PRIMARY KEY (`id`),
  UNIQUE KEY `id_UNIQUE` (`id`),
  KEY `fk_customer_id_idx` (`customer_id`),
  CONSTRAINT `fk_customer_id` FOREIGN KEY (`customer_id`) REFERENCES `customer` (`id`) ON DELETE NO ACTION ON UPDATE NO ACTION
) ENGINE=InnoDB AUTO_INCREMENT=201 DEFAULT CHARSET=utf8 COLLATE=utf8_polish_ci;
/*!40101 SET character_set_client = @saved_cs_client */;

--
-- Dumping data for table `order`
--

LOCK TABLES `order` WRITE;
/*!40000 ALTER TABLE `order` DISABLE KEYS */;
INSERT INTO `order` VALUES (1,'2017-04-13 11:01:00',82,'NEW'),(2,'2017-09-06 20:49:00',87,'PAID'),(3,'2017-11-04 04:57:00',88,'DELIVERED'),(4,'2017-07-28 16:18:00',18,'PAID'),(5,'2017-07-18 02:51:00',25,'PAID'),(6,'2017-12-16 16:24:00',22,'SHIPPED'),(7,'2017-11-18 20:48:00',88,'SHIPPED'),(8,'2017-06-18 01:36:00',65,'SHIPPED'),(9,'2017-09-11 04:45:00',26,'SHIPPED'),(10,'2017-08-20 05:09:00',92,'SHIPPED'),(11,'2017-01-20 07:11:00',83,'NEW'),(12,'2017-10-09 18:07:00',12,'NEW'),(13,'2017-11-02 20:53:00',83,'PAID'),(14,'2017-04-18 07:25:00',35,'NEW'),(15,'2017-08-04 05:35:00',82,'SHIPPED'),(16,'2017-06-03 02:35:00',43,'PAID'),(17,'2017-05-07 03:38:00',3,'NEW'),(18,'2017-12-17 20:32:00',11,'PAID'),(19,'2017-08-07 21:34:00',47,'SHIPPED'),(20,'2017-06-12 04:07:00',85,'DELIVERED'),(21,'2017-03-19 08:53:00',82,'NEW'),(22,'2017-11-20 06:37:00',23,'SHIPPED'),(23,'2017-07-22 02:32:00',58,'DELIVERED'),(24,'2017-04-28 11:19:00',38,'DELIVERED'),(25,'2017-04-02 19:09:00',81,'SHIPPED'),(26,'2017-10-12 08:32:00',35,'NEW'),(27,'2017-12-18 23:12:00',50,'DELIVERED'),(28,'2017-07-16 05:18:00',17,'SHIPPED'),(29,'2017-04-13 21:20:00',5,'SHIPPED'),(30,'2017-11-23 01:08:00',63,'DELIVERED'),(31,'2017-06-11 03:35:00',49,'NEW'),(32,'2017-11-26 23:43:00',58,'NEW'),(33,'2017-03-08 17:07:00',81,'NEW'),(34,'2017-07-20 14:46:00',43,'NEW'),(35,'2017-06-18 06:28:00',26,'SHIPPED'),(36,'2017-11-21 18:29:00',63,'NEW'),(37,'2017-06-05 20:32:00',97,'SHIPPED'),(38,'2017-08-25 20:12:00',58,'PAID'),(39,'2017-05-17 15:01:00',37,'SHIPPED'),(40,'2017-01-10 09:26:00',78,'SHIPPED'),(41,'2017-05-26 18:36:00',14,'NEW'),(42,'2017-08-20 07:24:00',41,'PAID'),(43,'2017-03-08 01:56:00',77,'NEW'),(44,'2017-09-06 10:39:00',2,'PAID'),(45,'2017-04-22 08:18:00',34,'PAID'),(46,'2017-03-07 07:03:00',82,'SHIPPED'),(47,'2017-09-10 08:46:00',37,'PAID'),(48,'2017-06-07 07:50:00',71,'PAID'),(49,'2017-04-03 15:49:00',98,'DELIVERED'),(50,'2017-07-23 11:31:00',88,'SHIPPED'),(51,'2017-09-10 19:17:00',44,'SHIPPED'),(52,'2017-07-24 19:57:00',29,'NEW'),(53,'2017-05-25 20:11:00',89,'SHIPPED'),(54,'2017-05-17 13:29:00',91,'SHIPPED'),(55,'2017-04-26 20:33:00',15,'SHIPPED'),(56,'2017-04-17 10:03:00',96,'SHIPPED'),(57,'2017-06-18 08:46:00',3,'PAID'),(58,'2017-01-24 04:35:00',56,'PAID'),(59,'2017-05-09 19:43:00',17,'DELIVERED'),(60,'2017-02-21 21:31:00',99,'PAID'),(61,'2017-12-06 08:32:00',2,'SHIPPED'),(62,'2017-02-12 23:11:00',81,'DELIVERED'),(63,'2017-07-18 05:25:00',51,'PAID'),(64,'2017-09-16 08:45:00',57,'SHIPPED'),(65,'2017-12-09 17:01:00',84,'NEW'),(66,'2017-07-16 13:06:00',30,'DELIVERED'),(67,'2017-06-04 04:26:00',89,'NEW'),(68,'2017-09-17 16:13:00',9,'NEW'),(69,'2017-04-05 19:19:00',48,'SHIPPED'),(70,'2017-11-03 09:49:00',30,'NEW'),(71,'2017-11-21 07:05:00',56,'SHIPPED'),(72,'2017-09-12 06:18:00',96,'SHIPPED'),(73,'2017-02-27 05:04:00',65,'DELIVERED'),(74,'2017-07-17 19:09:00',44,'PAID'),(75,'2017-06-14 00:56:00',20,'DELIVERED'),(76,'2017-01-01 18:03:00',27,'PAID'),(77,'2017-01-06 07:29:00',34,'PAID'),(78,'2017-03-20 01:21:00',52,'NEW'),(79,'2017-07-21 16:48:00',73,'SHIPPED'),(80,'2017-04-24 14:37:00',17,'DELIVERED'),(81,'2017-11-24 06:40:00',85,'NEW'),(82,'2017-05-09 13:09:00',55,'PAID'),(83,'2017-04-18 10:32:00',45,'PAID'),(84,'2017-05-23 18:42:00',65,'DELIVERED'),(85,'2017-08-03 17:32:00',82,'SHIPPED'),(86,'2017-04-17 18:45:00',30,'PAID'),(87,'2017-08-18 18:44:00',51,'SHIPPED'),(88,'2017-08-28 14:28:00',78,'PAID'),(89,'2017-01-09 01:29:00',2,'DELIVERED'),(90,'2017-08-21 17:37:00',31,'NEW'),(91,'2017-04-07 12:30:00',58,'NEW'),(92,'2017-08-02 14:22:00',38,'PAID'),(93,'2017-01-08 02:32:00',60,'DELIVERED'),(94,'2017-07-25 18:04:00',75,'NEW'),(95,'2017-08-24 12:57:00',24,'SHIPPED'),(96,'2017-03-01 09:22:00',16,'DELIVERED'),(97,'2017-01-10 17:14:00',95,'DELIVERED'),(98,'2017-05-19 12:08:00',46,'DELIVERED'),(99,'2017-12-21 14:03:00',80,'DELIVERED'),(100,'2017-01-22 10:31:00',54,'PAID'),(101,'2017-09-11 12:37:00',19,'NEW'),(102,'2017-12-08 02:06:00',38,'PAID'),(103,'2017-05-06 13:30:00',8,'SHIPPED'),(104,'2017-07-24 13:58:00',23,'DELIVERED'),(105,'2017-10-15 23:57:00',49,'DELIVERED'),(106,'2017-01-04 00:10:00',4,'NEW'),(107,'2017-11-23 17:48:00',75,'DELIVERED'),(108,'2017-12-02 17:02:00',56,'PAID'),(109,'2017-05-11 14:18:00',68,'PAID'),(110,'2017-01-12 08:08:00',53,'SHIPPED'),(111,'2017-07-24 08:19:00',57,'NEW'),(112,'2017-12-24 05:38:00',16,'DELIVERED'),(113,'2017-07-14 17:15:00',26,'NEW'),(114,'2017-09-26 03:29:00',5,'PAID'),(115,'2017-10-10 13:30:00',41,'NEW'),(116,'2017-08-21 09:37:00',13,'SHIPPED'),(117,'2017-06-17 17:42:00',32,'SHIPPED'),(118,'2017-03-25 07:37:00',92,'NEW'),(119,'2017-05-26 04:52:00',25,'NEW'),(120,'2017-03-03 01:44:00',76,'PAID'),(121,'2017-02-24 08:15:00',20,'NEW'),(122,'2017-05-27 03:08:00',47,'NEW'),(123,'2017-07-02 09:14:00',60,'PAID'),(124,'2017-10-13 23:44:00',53,'DELIVERED'),(125,'2017-08-14 20:53:00',73,'SHIPPED'),(126,'2017-04-25 22:01:00',47,'SHIPPED'),(127,'2017-09-26 23:42:00',85,'NEW'),(128,'2017-09-08 17:32:00',4,'PAID'),(129,'2017-02-11 02:25:00',41,'NEW'),(130,'2017-02-28 06:27:00',93,'DELIVERED'),(131,'2017-08-27 16:29:00',87,'PAID'),(132,'2017-06-03 18:51:00',9,'NEW'),(133,'2017-01-16 01:24:00',37,'SHIPPED'),(134,'2017-01-18 06:09:00',62,'NEW'),(135,'2017-06-06 07:04:00',88,'DELIVERED'),(136,'2017-07-09 06:55:00',73,'SHIPPED'),(137,'2017-04-18 22:56:00',28,'PAID'),(138,'2017-10-23 20:17:00',39,'DELIVERED'),(139,'2017-03-07 14:31:00',19,'SHIPPED'),(140,'2017-04-01 03:53:00',23,'SHIPPED'),(141,'2017-04-27 14:36:00',1,'SHIPPED'),(142,'2017-03-07 03:13:00',77,'NEW'),(143,'2017-09-21 03:00:00',74,'DELIVERED'),(144,'2017-06-22 21:44:00',35,'SHIPPED'),(145,'2017-09-13 08:21:00',4,'PAID'),(146,'2017-03-01 05:29:00',81,'SHIPPED'),(147,'2017-09-01 15:47:00',50,'SHIPPED'),(148,'2017-10-19 05:00:00',47,'DELIVERED'),(149,'2017-02-27 11:52:00',31,'NEW'),(150,'2017-12-18 12:12:00',21,'SHIPPED'),(151,'2017-08-25 23:16:00',77,'SHIPPED'),(152,'2017-05-01 10:19:00',11,'DELIVERED'),(153,'2017-10-16 18:45:00',39,'NEW'),(154,'2017-08-01 15:27:00',76,'DELIVERED'),(155,'2017-03-08 22:58:00',65,'DELIVERED'),(156,'2017-11-11 07:24:00',56,'DELIVERED'),(157,'2017-10-11 02:24:00',92,'DELIVERED'),(158,'2017-02-07 12:42:00',60,'PAID'),(159,'2017-04-05 23:34:00',46,'NEW'),(160,'2017-02-23 19:36:00',40,'DELIVERED'),(161,'2017-03-10 13:03:00',12,'PAID'),(162,'2017-08-25 21:42:00',89,'PAID'),(163,'2017-05-19 11:08:00',74,'SHIPPED'),(164,'2017-04-06 14:20:00',99,'SHIPPED'),(165,'2017-06-06 15:49:00',67,'PAID'),(166,'2017-07-27 23:32:00',2,'DELIVERED'),(167,'2017-09-15 16:25:00',52,'PAID'),(168,'2017-05-26 07:13:00',24,'NEW'),(169,'2017-10-10 12:21:00',24,'PAID'),(170,'2017-03-15 04:44:00',82,'PAID'),(171,'2017-10-06 13:02:00',23,'SHIPPED'),(172,'2017-10-15 21:24:00',95,'SHIPPED'),(173,'2017-01-13 06:43:00',55,'SHIPPED'),(174,'2017-02-15 16:54:00',14,'SHIPPED'),(175,'2017-09-24 22:30:00',22,'DELIVERED'),(176,'2017-05-19 22:57:00',5,'PAID'),(177,'2017-05-11 06:49:00',85,'SHIPPED'),(178,'2017-05-02 04:54:00',2,'SHIPPED'),(179,'2017-11-27 15:30:00',31,'DELIVERED'),(180,'2017-10-17 03:53:00',55,'PAID'),(181,'2017-03-01 19:51:00',65,'PAID'),(182,'2017-08-22 01:23:00',58,'PAID'),(183,'2017-10-03 01:13:00',7,'NEW'),(184,'2017-05-07 18:07:00',84,'SHIPPED'),(185,'2017-07-22 12:31:00',77,'PAID'),(186,'2017-07-18 21:51:00',30,'DELIVERED'),(187,'2017-01-20 08:45:00',7,'PAID'),(188,'2017-12-03 21:35:00',25,'NEW'),(189,'2017-02-04 11:35:00',49,'DELIVERED'),(190,'2017-06-26 09:32:00',46,'PAID'),(191,'2017-07-09 20:04:00',31,'DELIVERED'),(192,'2017-01-05 02:22:00',7,'NEW'),(193,'2017-09-14 03:29:00',43,'SHIPPED'),(194,'2017-03-14 05:20:00',52,'SHIPPED'),(195,'2017-03-25 15:49:00',89,'NEW'),(196,'2017-09-18 15:40:00',49,'DELIVERED'),(197,'2017-12-01 08:41:00',41,'PAID'),(198,'2017-12-02 11:16:00',34,'SHIPPED'),(199,'2017-09-18 13:15:00',7,'PAID'),(200,'2017-04-05 04:17:00',63,'PAID');
/*!40000 ALTER TABLE `order` ENABLE KEYS */;
UNLOCK TABLES;

--
-- Table structure for table `order_has_product`
--

DROP TABLE IF EXISTS `order_has_product`;
/*!40101 SET @saved_cs_client     = @@character_set_client */;
/*!40101 SET character_set_client = utf8 */;
CREATE TABLE `order_has_product` (
  `order_id` int(10) unsigned NOT NULL,
  `product_id` int(10) unsigned NOT NULL,
  `quantity` int(10) unsigned NOT NULL,
  PRIMARY KEY (`order_id`,`product_id`),
  KEY `fk_product_id_idx` (`product_id`),
  CONSTRAINT `fk_order_id` FOREIGN KEY (`order_id`) REFERENCES `order` (`id`) ON DELETE NO ACTION ON UPDATE NO ACTION,
  CONSTRAINT `fk_product_id` FOREIGN KEY (`product_id`) REFERENCES `product` (`id`) ON DELETE NO ACTION ON UPDATE NO ACTION
) ENGINE=InnoDB DEFAULT CHARSET=utf8 COLLATE=utf8_polish_ci;
/*!40101 SET character_set_client = @saved_cs_client */;

--
-- Dumping data for table `order_has_product`
--

LOCK TABLES `order_has_product` WRITE;
/*!40000 ALTER TABLE `order_has_product` DISABLE KEYS */;
INSERT INTO `order_has_product` VALUES (1,187,5),(1,259,5),(1,479,4),(2,324,3),(2,551,1),(3,499,1),(4,105,2),(5,210,3),(5,225,1),(5,478,2),(6,358,1),(6,474,2),(6,534,4),(7,146,2),(7,524,5),(8,24,3),(8,380,4),(8,448,4),(10,542,4),(11,317,2),(11,394,1),(11,517,5),(12,211,1),(13,137,2),(13,450,3),(14,290,2),(14,319,5),(14,398,4),(14,404,4),(15,263,5),(15,374,4),(16,96,2),(16,159,1),(16,352,2),(16,371,3),(17,67,1),(17,96,1),(17,274,5),(17,348,2),(17,445,3),(17,532,4),(17,542,4),(17,548,2),(18,184,1),(18,198,1),(18,293,4),(18,482,4),(19,127,2),(19,309,1),(20,23,5),(20,64,3),(20,225,3),(20,376,4),(20,506,3),(21,463,4),(22,61,5),(22,459,4),(23,310,5),(24,184,3),(24,218,5),(24,549,3),(25,125,4),(25,261,2),(26,179,2),(26,425,2),(26,523,5),(28,1,5),(28,451,2),(29,168,1),(30,13,3),(30,413,3),(31,17,2),(31,290,3),(32,89,2),(32,409,4),(34,208,4),(35,83,4),(35,308,1),(35,405,2),(35,476,4),(35,513,1),(36,50,4),(36,133,4),(36,277,4),(36,278,2),(36,297,1),(36,366,1),(36,507,1),(37,4,2),(37,19,5),(37,244,4),(37,426,5),(37,492,2),(38,279,4),(38,532,4),(39,294,1),(39,391,2),(40,240,3),(40,347,3),(41,71,2),(41,164,5),(41,248,1),(41,295,4),(41,424,5),(42,302,4),(42,436,4),(43,112,3),(43,122,2),(43,163,2),(43,519,2),(44,175,2),(44,475,4),(45,162,2),(45,360,5),(45,367,5),(46,188,2),(47,147,2),(47,307,2),(47,351,4),(48,164,2),(48,356,5),(49,75,2),(49,99,2),(49,124,1),(49,235,1),(49,256,4),(49,346,2),(49,365,2),(50,304,3),(50,461,3),(51,288,4),(51,350,2),(51,357,2),(52,307,3),(52,426,4),(52,542,1),(54,141,5),(54,232,2),(55,155,4),(55,405,3),(55,474,4),(55,506,2),(55,510,1),(56,170,4),(56,180,1),(56,231,3),(56,329,3),(57,19,5),(57,299,2),(57,303,5),(58,187,1),(58,379,5),(59,513,4),(60,379,3),(60,523,4),(60,542,5),(61,129,5),(61,162,1),(61,250,5),(61,408,3),(62,211,3),(64,416,1),(64,454,4),(65,214,3),(65,413,3),(66,7,3),(66,20,5),(66,63,4),(67,180,1),(68,221,2),(68,488,5),(69,94,1),(69,237,1),(69,248,4),(69,321,3),(69,344,1),(71,111,3),(71,401,5),(71,402,5),(71,461,5),(72,239,2),(72,399,5),(72,547,2),(73,113,2),(74,18,3),(74,48,2),(74,299,3),(74,497,1),(75,114,5),(75,384,3),(76,67,5),(76,90,1),(76,288,1),(76,319,1),(76,409,5),(77,83,5),(77,433,1),(78,245,4),(78,335,5),(78,416,1),(79,460,5),(79,462,1),(80,264,5),(80,276,1),(80,352,3),(80,363,1),(81,25,2),(81,193,1),(82,30,3),(82,388,3),(82,505,5),(83,20,3),(83,47,3),(83,457,3),(83,512,3),(84,108,3),(84,495,5),(84,561,4),(85,241,2),(85,294,5),(86,64,2),(86,517,5),(86,541,2),(87,197,4),(87,208,5),(89,188,1),(89,351,4),(89,498,1),(90,116,5),(92,26,3),(92,315,5),(93,57,3),(93,402,2),(93,440,1),(95,72,4),(95,131,4),(96,389,5),(96,457,4),(97,337,1),(98,265,2),(98,349,3),(99,50,3),(100,35,2),(100,209,1),(100,220,3),(101,378,2),(101,393,2),(101,460,5),(102,409,5),(102,548,1),(103,16,5),(103,95,2),(103,129,4),(103,207,4),(104,51,4),(104,141,4),(104,513,4),(104,558,5),(105,77,3),(105,183,3),(105,455,2),(106,123,3),(106,561,5),(107,282,2),(108,224,4),(108,375,3),(108,388,3),(108,519,5),(108,529,1),(109,215,2),(109,360,4),(110,274,2),(110,284,3),(110,299,4),(110,487,3),(111,490,4),(112,231,4),(112,440,4),(112,535,4),(113,289,1),(114,212,4),(114,220,1),(115,408,3),(116,87,1),(116,101,1),(116,187,4),(116,336,3),(116,453,3),(116,502,1),(117,10,1),(117,45,2),(119,207,5),(119,347,4),(120,467,5),(120,551,3),(121,4,4),(121,42,1),(121,194,2),(121,367,3),(121,376,3),(122,214,2),(122,216,5),(122,394,5),(122,424,1),(122,519,2),(123,62,3),(123,111,1),(123,396,3),(123,401,1),(124,89,2),(124,447,2),(124,449,2),(124,508,4),(124,516,3),(126,283,3),(126,302,3),(127,514,5),(128,51,4),(128,172,4),(128,188,4),(128,547,3),(128,551,4),(129,138,5),(129,279,5),(129,363,5),(129,387,2),(129,438,3),(129,459,4),(130,289,4),(130,406,5),(130,434,1),(131,381,3),(131,399,2),(133,340,4),(133,492,2),(136,138,4),(136,169,3),(136,214,1),(138,563,1),(138,564,2),(139,128,1),(139,164,1),(139,445,2),(140,294,3),(141,18,3),(141,63,3),(141,100,2),(141,147,4),(141,248,3),(143,26,3),(143,121,3),(143,139,4),(144,41,4),(144,226,4),(144,555,1),(145,200,4),(145,224,3),(145,229,4),(145,298,1),(145,418,5),(145,504,5),(146,5,4),(146,243,5),(146,284,5),(147,486,1),(148,199,1),(148,329,1),(149,142,4),(149,256,2),(150,69,5),(150,185,4),(150,344,3),(150,491,1),(151,481,3),(152,177,3),(152,545,5),(153,35,4),(153,125,2),(154,219,4),(155,242,1),(155,383,3),(155,398,5),(156,69,5),(156,156,3),(156,461,4),(157,256,1),(157,537,1),(158,242,2),(158,330,5),(159,444,1),(159,483,1),(160,313,5),(160,559,5),(161,10,1),(161,162,1),(161,354,5),(161,378,5),(162,87,5),(162,121,1),(162,169,3),(162,434,1),(162,506,1),(162,516,4),(163,144,2),(163,411,4),(163,563,2),(164,373,1),(165,298,2),(165,463,4),(166,242,1),(167,65,3),(167,510,3),(168,285,3),(169,122,4),(170,328,3),(170,341,5),(170,495,2),(170,547,1),(171,33,4),(171,106,2),(171,214,2),(171,276,4),(171,349,4),(171,375,2),(172,172,4),(172,197,5),(172,233,1),(172,455,1),(172,486,1),(173,127,3),(173,288,2),(173,437,2),(173,457,2),(173,459,4),(174,95,4),(175,35,2),(175,432,1),(176,102,5),(176,194,3),(176,421,1),(178,48,3),(178,209,5),(179,171,5),(179,319,1),(179,458,3),(180,67,2),(180,110,1),(181,139,2),(182,171,5),(182,204,3),(182,275,1),(183,14,1),(183,145,3),(183,388,5),(183,391,4),(184,471,3),(184,548,2),(185,365,5),(185,451,4),(185,494,5),(185,520,4),(187,93,5),(187,96,4),(187,217,4),(188,180,1),(188,360,4),(188,448,5),(188,465,4),(188,525,1),(189,52,3),(189,198,4),(189,394,4),(190,85,5),(190,215,3),(190,465,1),(191,228,3),(192,217,5),(192,365,2),(192,433,4),(192,512,5),(193,72,3),(193,178,1),(193,284,3),(194,277,2),(194,441,3),(195,109,4),(195,549,2),(196,2,4),(196,50,4),(196,230,1),(196,338,1),(196,355,1),(196,514,3),(197,97,2),(199,239,3),(199,260,1),(199,360,5),(199,469,3),(199,532,1),(200,222,4);
/*!40000 ALTER TABLE `order_has_product` ENABLE KEYS */;
UNLOCK TABLES;

--
-- Table structure for table `product`
--

DROP TABLE IF EXISTS `product`;
/*!40101 SET @saved_cs_client     = @@character_set_client */;
/*!40101 SET character_set_client = utf8 */;
CREATE TABLE `product` (
  `id` int(10) unsigned NOT NULL AUTO_INCREMENT,
  `category` varchar(100) COLLATE utf8_polish_ci NOT NULL,
  `name` varchar(100) COLLATE utf8_polish_ci NOT NULL,
  `price` double NOT NULL,
  PRIMARY KEY (`id`),
  UNIQUE KEY `id_UNIQUE` (`id`),
  UNIQUE KEY `name_UNIQUE` (`name`)
) ENGINE=InnoDB AUTO_INCREMENT=566 DEFAULT CHARSET=utf8 COLLATE=utf8_polish_ci;
/*!40101 SET character_set_client = @saved_cs_client */;

--
-- Dumping data for table `product`
--

LOCK TABLES `product` WRITE;
/*!40000 ALTER TABLE `product` DISABLE KEYS */;
INSERT INTO `product` VALUES (1,'Appetiser','Bought',962.73),(2,'Appetizer','Lobster Phyllo Roll',958.57),(3,'Appetizer','Mango Chevre',260.28),(4,'Appetizer','Mini Egg Roll, Shrimp',608.55),(5,'Appetizer','Seafood Assortment',823.71),(6,'Appetizer','Shrimp Puff',467.06),(7,'Appetizer','Southwestern',125.32),(8,'Apple','Delicious, Red',636.47),(9,'Artichoke','Fresh',735.94),(10,'Artichoke','Hearts, Canned',332.21),(11,'Artichokes','Knobless, White',767.23),(12,'Asparagus','Green, Fresh',141.27),(13,'Asparagus','White, Canned',356.78),(14,'Asparagus','White, Fresh',227.22),(15,'Aspic','Amber',26.41),(16,'Bag','Clear 7 Lb',980.28),(17,'Bagel','Ched Chs Presliced',218.07),(18,'Bagelers','Cinn / Brown',12.89),(19,'Bagelers','Cinn / Brown Sugar',350.83),(20,'Bamboo Shoots','Sliced',218.5),(21,'Banana','Green',29.12),(22,'Bandage','Flexible Neon',47.45),(23,'Bar Mix','Lime',630.49),(24,'Barley','Pearl',439.31),(25,'Basil','Primerba, Paste',591.77),(26,'Basil','Seedlings Cookstown',405.33),(27,'Beans','Black Bean, Preserved',129.13),(28,'Beans','Butter Lrg Lima',725.59),(29,'Beans','Navy, Dry',993.05),(30,'Beef','Bones, Cut - Up',529.62),(31,'Beef','Bresaola',718.3),(32,'Beef','Diced',756.29),(33,'Beef','Kobe Striploin',980.72),(34,'Beef','Rib Roast, Cap On',174.67),(35,'Beef','Rib Roast, Capless',747.19),(36,'Beef','Texas Style Burger',905.33),(37,'Beef','Top Sirloin',692.54),(38,'Beer','Alexander Kieths, Pale Ale',88.2),(39,'Beer','Corona',666.56),(40,'Beer','Creemore',332.78),(41,'Beer','Fruli',137.57),(42,'Beer','Mill St Organic',641.37),(43,'Beer','Original Organic Lager',506.96),(44,'Beer','True North Lager',536.85),(45,'Beets','Candy Cane, Organic',263.03),(46,'Beets','Pickled',609.78),(47,'Blueberries','Frozen',233.06),(48,'Bok Choy','Baby',482.23),(49,'Brandy','Orange, Mc Guiness',652.93),(50,'Brandy Cherry','Mcguinness',508.74),(51,'Bread','10 Grain',702.51),(52,'Bread','10 Grain Parisian',913.03),(53,'Bread','Assorted Rolls',27.03),(54,'Bread','Bagels, Mini',683.6),(55,'Bread','Bistro White',588.91),(56,'Bread','Calabrese Baguette',367.72),(57,'Bread','Ciabatta Buns',668.89),(58,'Bread','Crusty Italian Poly',504.91),(59,'Bread','Focaccia Quarter',689.58),(60,'Bread','Hamburger Buns',596.5),(61,'Bread','Multigrain',337.43),(62,'Bread','Multigrain Oval',514.42),(63,'Bread','Multigrain, Loaf',698.63),(64,'Bread','Olive',691.93),(65,'Bread','Olive Dinner Roll',637.89),(66,'Bread','Onion Focaccia',166.26),(67,'Bread','Pita, Mini',737.03),(68,'Bread','Raisin',237.93),(69,'Bread','Raisin Walnut Oval',119.53),(70,'Bread','Roll, Canadian Dinner',211.95),(71,'Bread','Roll, Italian',220.9),(72,'Bread','Wheat Baguette',13.94),(73,'Bread','White, Sliced',808.86),(74,'Bread','White, Unsliced',729.18),(75,'Broom','Angled',534.63),(76,'Broom','Push',809.93),(77,'Brownies','Two Bite, Chocolate',988.86),(78,'Cake','Bande Of Fruit',224.11),(79,'Cake','Cake Sheet Macaroon',510.03),(80,'Cake','Cheese Cake 9 Inch',599.54),(81,'Cake','Dulce De Leche',41.18),(82,'Cake','French Pear Tart',770.56),(83,'Cake','Mini Potato Pancake',257.88),(84,'Catfish','Fillets',489.01),(85,'Cheese','Augre Des Champs',704.45),(86,'Cheese','Bocconcini',147.43),(87,'Cheese','Brie, Cups 125g',927.86),(88,'Cheese','Camembert',933.92),(89,'Cheese','Cheddar, Old White',81.97),(90,'Cheese','Colby',435.36),(91,'Cheese','Ermite Bleu',500.51),(92,'Cheese','Feta',968.19),(93,'Cheese','Goat',67.87),(94,'Cheese','Gorgonzola',398.16),(95,'Cheese','Gouda Smoked',698.05),(96,'Cheese','Havarti, Salsa',384.63),(97,'Cheese','Le Cheve Noir',468.97),(98,'Cheese','Manchego, Spanish',469.97),(99,'Cheese','Marble',942.96),(100,'Cheese','Montery Jack',798.09),(101,'Cheese','Parmesan Grated',684.22),(102,'Cheese','Parmigiano Reggiano',145.99),(103,'Cheese','Provolone',931.04),(104,'Cheese','Roquefort Pappillon',533.55),(105,'Cheese','Sheep Milk',550.8),(106,'Cheese','St. Andre',541.33),(107,'Cheese','Swiss',942.06),(108,'Cheese','Taleggio D.o.p.',609.37),(109,'Cheese','Woolwich Goat, Log',775.42),(110,'Cherries','Bing, Canned',831.08),(111,'Cherries','Maraschino,jar',189.41),(112,'Chicken','Bones',553.18),(113,'Chicken','Breast, 5 - 7 Oz',726.35),(114,'Chicken','Leg, Boneless',4.08),(115,'Chicken','White Meat With Tender',647.81),(116,'Chicken','Whole Fryers',617.25),(117,'Chicken','Wieners',215.13),(118,'Chinese Foods','Cantonese',462.16),(119,'Chinese Foods','Chicken Wing',728.22),(120,'Chinese Foods','Pepper Beef',52.74),(121,'Chips','Assorted',40.03),(122,'Chips','Miss Vickies',42.41),(123,'Chocolate','Dark',527.78),(124,'Chocolate','Feathers',598.28),(125,'Chocolate','Milk',275.27),(126,'Chocolate','Semi Sweet',979),(127,'Chocolate','Semi Sweet, Calets',162.64),(128,'Chocolate','Sugar Free Semi Choc',33.64),(129,'Chocolate','Unsweetened',497.38),(130,'Chocolate Bar','Coffee Crisp',128.06),(131,'Chocolate Bar','Reese Pieces',521.27),(132,'Cinnamon','Ground',485.62),(133,'Cleaner','Bleach',138.48),(134,'Club Soda','Schweppes, 355 Ml',705.1),(135,'Coconut','Creamed, Pure',634.59),(136,'Coconut','Shredded, Sweet',18.53),(137,'Coconut','Whole',27.15),(138,'Coffee','10oz Cup 92961',910.61),(139,'Coffee','Almond Amaretto',416.95),(140,'Coffee','Cafe Moreno',240.36),(141,'Coffee','Dark Roast',803.54),(142,'Coffee','Decaffeinato Coffee',25.15),(143,'Coffee','Flavoured',268.45),(144,'Coffee','French Vanilla Frothy',257.62),(145,'Coffee','Frthy Coffee Crisp',963.23),(146,'Coffee','Hazelnut Cream',671.58),(147,'Coffee','Irish Cream',99.67),(148,'Cognac','Courvaisier',66.3),(149,'Compound','Mocha',578.5),(150,'Compound','Passion Fruit',42.07),(151,'Containter','3oz Microwave Rect.',837.66),(152,'Cookie','Dough Variety',292.71),(153,'Cookie Dough','Chocolate Chip',922.1),(154,'Cookie Dough','Chunky',879.07),(155,'Cookies','Amaretto',237.46),(156,'Cookies','Oreo, 4 Pack',510.98),(157,'Coriander','Seed',938.67),(158,'Crab','Back Fin Meat, Canned',669.2),(159,'Crab','Claws, 26 - 30',332.99),(160,'Crab','Dungeness, Whole',197.87),(161,'Crackers','Graham',62.19),(162,'Cranberries','Dry',704.39),(163,'Cream','35%',94.2),(164,'Creamers','10%',487),(165,'Creme De Banane','Marie',82.52),(166,'Crush','Orange, 355ml',12.18),(167,'Cucumber','Pickling Ontario',676.99),(168,'Curry Paste','Madras',589.18),(169,'Dc','Sakura Fu',420.42),(170,'Doilies','7, Paper',91.11),(171,'Doilies','8, Paper',359.92),(172,'Dr. Pepper','355ml',737.39),(173,'Duck','Legs',431.08),(174,'Ecolab','Balanced Fusion',256.96),(175,'Ecolab','Lime - A - Way 4/4 L',27.73),(176,'Edible Flower','Mixed',236.63),(177,'Egg','Salad Premix',365.32),(178,'Eggplant','Asian',319.71),(179,'Eggs','Extra Large',677.63),(180,'Energy Drink','Redbull 355ml',399.97),(181,'Extract','Almond',711.92),(182,'Extract','Rum',43.51),(183,'Fennel','Seeds',827.18),(184,'Filter','Coffee',636.74),(185,'Fish','Artic Char, Cold Smoked',525.75),(186,'Fish','Halibut, Cold Smoked',667.82),(187,'Fish','Soup Base, Bouillon',139.87),(188,'Flavouring','Orange',185.82),(189,'Flavouring','Raspberry',145.37),(190,'Flour','Corn, Fine',33),(191,'Flour','Masa De Harina Mexican',617.29),(192,'Flour','Pastry',152.56),(193,'Flower','Commercial Spider',278.51),(194,'Flower','Daisies',498.58),(195,'Foil','Round Foil',296.93),(196,'Fond','Chocolate',53.96),(197,'Food Colouring','Pink',85.24),(198,'Fork','Plastic',242.98),(199,'Garbage Bags','Clear',192.71),(200,'Gatorade','Fruit Punch',442.97),(201,'Gelatine Leaves','Bulk',430.07),(202,'Glass','Juice Clear 5oz 55005',971.87),(203,'Glass','Wine, Plastic, Clear 5 Oz',36.11),(204,'Glaze','Apricot',691.63),(205,'Gloves','Goldtouch Disposable',956.62),(206,'Goat','Whole Cut',674.03),(207,'Grapes','Black',338.94),(208,'Grapes','Red',14.15),(209,'Hagen Daza','Dk Choocolate',346.81),(210,'Halibut','Fletches',573.37),(211,'Halibut','Whole, Fresh',664.15),(212,'Ham','Cooked',503.81),(213,'Ham','Proscuitto',540.43),(214,'Ham','Virginia',638.79),(215,'Horseradish','Prepared',562.35),(216,'Hot Chocolate','Individual',968.39),(217,'Ice','Clear, 300 Lb For Carving',29.93),(218,'Ice Cream','Strawberry',413.32),(219,'Ice Cream Bar','Drumstick',826.13),(220,'Icecream','Dibs',914.39),(221,'Iced Tea','Lemon, 340ml',739.44),(222,'Irish Cream','Baileys',731.84),(223,'Irish Cream','Butterscotch',557),(224,'Island Oasis','Cappucino Mix',763.08),(225,'Island Oasis','Ice Cream Mix',663.35),(226,'Jolt Cola','Red Eye',949.63),(227,'Juice','Apple, 500 Ml',508.33),(228,'Juice','Clamato, 341 Ml',303.81),(229,'Juice','Happy Planet',96.04),(230,'Juice','Lagoon Mango',473.33),(231,'Juice','Lemon',496.74),(232,'Juice','Ocean Spray Cranberry',671.82),(233,'Juice','Ocean Spray Kiwi',204.84),(234,'Juice','Orangina',77.09),(235,'Juice','Propel Sport',85.63),(236,'Lamb','Rack',70.08),(237,'Lamb','Racks, Frenched',246.3),(238,'Lamb','Sausage Casings',38.11),(239,'Lamb','Whole Head Off',782.49),(240,'Lamb','Whole Head Off,nz',13.36),(241,'Lamb Leg','Bone - In Nz',413.82),(242,'Lamb Rack','Ontario',440.04),(243,'Langers','Mango Nectar',401.77),(244,'Leeks','Large',616.15),(245,'Lemonade','Natural, 591 Ml',639.7),(246,'Lemonade','Pineapple Passion',405.98),(247,'Lentils','Red, Dry',575.24),(248,'Lettuce','Boston Bib - Organic',918.43),(249,'Lettuce','Curly Endive',830.8),(250,'Lettuce','Frisee',189.86),(251,'Lettuce','Romaine',33.76),(252,'Lettuce','Romaine, Heart',840.59),(253,'Lettuce','Treviso',637.97),(254,'Lid','0090 Clear',931.2),(255,'Lid','3oz Med Rec',289.59),(256,'Lid Tray','12in Dome',700.6),(257,'Lid Tray','16in Dome',696.89),(258,'Lighter','Bbq',88.49),(259,'Liners','Banana, Paper',709.38),(260,'Liquid Aminios Acid','Braggs',78.46),(261,'Loaf Pan','2 Lb, Foil',847.36),(262,'Longos','Grilled Chicken With',191.71),(263,'Longos','Grilled Salmon With Bbq',198.98),(264,'Longos','Lasagna Beef',409.31),(265,'Longos','Lasagna Veg',210.17),(266,'Longos','Penne With Pesto',309.25),(267,'Macaroons','Homestyle Two Bit',616.06),(268,'Marsala','Sperone, Fine, D.o.c.',320.2),(269,'Mcguinness','Blue Curacao',241.7),(270,'Melon','Watermelon Yellow',351.56),(271,'Milk','1%',335.16),(272,'Milk','Chocolate 250 Ml',966.43),(273,'Milk','Condensed',368.27),(274,'Milkettes','2%',586.26),(275,'Mince Meat','Filling',608.73),(276,'Molasses','Fancy',598.5),(277,'Mousse','Mango',720.29),(278,'Muffin','Mix - Bran And Maple 15l',182.6),(279,'Muffin','Mix - Strawberry Rhubarb',795.66),(280,'Muffin Batt','Ban Dream Zero',413.14),(281,'Muffin Mix','Banana Nut',790.24),(282,'Muffin Mix','Corn Harvest',371.57),(283,'Muffin Mix','Morning Glory',190.61),(284,'Muffin Mix','Raisin Bran',605.26),(285,'Mushroom','Chantrelle, Fresh',229.2),(286,'Mushroom','Morel Frozen',547.84),(287,'Mushroom','Oyster, Fresh',493.35),(288,'Mushroom','Portebello',839.67),(289,'Mushroom','Shitake, Dry',223),(290,'Muskox','French Rack',416.46),(291,'Mustard','Dry, Powder',984.97),(292,'Nantucket','518ml',436.85),(293,'Nantucket','Carrot Orange',661.35),(294,'Nantucket','Orange Mango Cktl',805.64),(295,'Napkin White','Starched',855.57),(296,'Nestea','Ice Tea, Diet',872.14),(297,'Nestea','Iced Tea',780.7),(298,'Nut','Almond, Blanched, Ground',583.78),(299,'Nut','Hazelnut, Ground, Natural',136.32),(300,'Nut','Pistachio, Shelled',41.24),(301,'Nut','Walnut, Pieces',397.39),(302,'Ocean Spray','Kiwi Strawberry',455.78),(303,'Octopus','Baby, Cleaned',812.64),(304,'Oil','Food, Lacquer Spray',363.02),(305,'Oil','Grapeseed Oil',763.59),(306,'Oil','Safflower',785.18),(307,'Oil','Truffle, Black',914.89),(308,'Olives','Morracan Dired',144.64),(309,'Onions','Cippolini',197.3),(310,'Onions','Red Pearl',791.15),(311,'Onions','Spanish',793.1),(312,'Orange','Canned, Mandarin',789.53),(313,'Oregano','Dry, Rubbed',359.13),(314,'Pail','4l White, With Handle',731.67),(315,'Paper Cocktail Umberlla 80','180',913.11),(316,'Pasta','Agnolotti - Butternut',648.63),(317,'Pasta','Elbows, Macaroni, Dry',28.3),(318,'Pasta','Fett Alfredo, Single Serve',385.98),(319,'Pasta','Penne Primavera, Single',731.98),(320,'Pasta','Penne, Lisce, Dry',38.25),(321,'Pasta','Shells, Medium, Dry',299.93),(322,'Pastry','Apple Large',515.33),(323,'Pastry','Baked Cinnamon Stick',559.55),(324,'Pastry','Carrot Muffin - Mini',565.93),(325,'Pastry','Choclate Baked',162.02),(326,'Pastry','Chocolate Chip Muffin',264.64),(327,'Pastry','Key Limepoppy Seed Tea',629.77),(328,'Pate','Cognac',686.3),(329,'Pate','Peppercorn',98.9),(330,'Pear','Halves',781.13),(331,'Pears','Bartlett',927.81),(332,'Pepper','Black, Crushed',317.72),(333,'Pepper','Black, Ground',728.32),(334,'Pepper','Chili Powder',729.93),(335,'Pepper','Chilli Seeds Mild',917.4),(336,'Pepper','Chipotle, Canned',446.89),(337,'Pepper','Pablano',129.28),(338,'Pepper','Paprika, Hungarian',943.02),(339,'Pepper','Red Bell',464.49),(340,'Pepsi','Diet, 355 Ml',203.1),(341,'Pickle','Dill',587.93),(342,'Pickles','Gherkins',615.72),(343,'Pie Filling','Cherry',87.36),(344,'Pie Shell','5',312.56),(345,'Pie Shell','9',76.39),(346,'Pineapple','Golden',563.39),(347,'Pineapple','Regular',973.38),(348,'Placemat','Scallop, White',854.26),(349,'Pop','Club Soda Can',394.1),(350,'Pork','Back, Long Cut, Boneless',336.55),(351,'Pork','Back, Short Cut, Boneless',38.27),(352,'Pork','Backfat',960.2),(353,'Pork','Bacon, Sliced',108.12),(354,'Pork','Belly Fresh',242.68),(355,'Pork','Butt, Boneless',985.28),(356,'Pork','Caul Fat',539.72),(357,'Pork','Inside',474.1),(358,'Pork','Liver',356.99),(359,'Pork','Loin, Bone - In',600.68),(360,'Pork','Sausage, Medium',338.26),(361,'Pork','Shoulder',120.2),(362,'Pork','Smoked Back Bacon',169.72),(363,'Pork','Smoked Kassler',749.2),(364,'Pork','Suckling Pig',669.18),(365,'Pork Loin Bine','In Frenched',949.1),(366,'Port','74 Brights',190.8),(367,'Potatoes','Fingerling 4 Oz',610.22),(368,'Potatoes','Mini Red',270.89),(369,'Potatoes','Mini White 3 Oz',3.22),(370,'Prunes','Pitted',497.83),(371,'Puff Pastry','Sheets',804.78),(372,'Puree','Kiwi',950.86),(373,'Quail','Jumbo Boneless',448.62),(374,'Rappini','Andy Boy',427.65),(375,'Rice','Long Grain',317.77),(376,'Rice','Sushi',500.07),(377,'Rum','Coconut, Malibu',258.87),(378,'Rum','Dark, Bacardi, Black',283.23),(379,'Rum','Mount Gay Eclipes',852.15),(380,'Salami','Genova',391.57),(381,'Salmon','Atlantic, Skin On',730.57),(382,'Salmon','Whole, 4 - 6 Pounds',445.83),(383,'Salmon Steak','Cohoe 8 Oz',924.41),(384,'Salt','Seasoned',255.86),(385,'Sambuca','Opal Nera',397.23),(386,'Sauce','Apple, Unsweetened',787.51),(387,'Sauce','Bernaise, Mix',960.13),(388,'Sauce','Caesar Dressing',472.75),(389,'Sauce','Chili',151.2),(390,'Sauce','Demi Glace',382.93),(391,'Sauce','Fish 25 Ozf Bottle',802.73),(392,'Sauce','Hoisin',986.84),(393,'Sauce','Ranch Dressing',883.77),(394,'Sauce','Rosee',162.39),(395,'Sauce','Soya, Dark',906.78),(396,'Sauce','Soya, Light',463.12),(397,'Sausage','Breakfast',886.03),(398,'Scotch','Queen Anne',737.66),(399,'Seedlings','Mix, Organic',204.73),(400,'Shopper Bag','S - 4',677.02),(401,'Shrimp','16/20, Iqf, Shell On',560.13),(402,'Shrimp','Black Tiger 8 - 12',844.07),(403,'Shrimp','Prawn',259.05),(404,'Shrimp','Tiger 21/25',23.47),(405,'Skirt','29 Foot',811.89),(406,'Sobe','Green Tea',443.62),(407,'Sobe','Orange Carrot',525.08),(408,'Soup','Campbells - Tomato',426.7),(409,'Soup','Campbells Beef Stew',362.97),(410,'Soup','Campbells Chicken',471.22),(411,'Soup','Campbells Pasta Fagioli',704.56),(412,'Soup','Campbells Tomato Ravioli',117.44),(413,'Soup','Campbells, Classic Chix',925.88),(414,'Soup','Campbells, Cream Of',99.29),(415,'Soup','Chicken And Wild Rice',204.05),(416,'Soup','Clam Chowder, Dry Mix',645.46),(417,'Soup','Cream Of Broccoli',730.22),(418,'Soup','French Can Pea',338.77),(419,'Soup','Knorr, Chicken Noodle',920.41),(420,'Soup','Knorr, Country Bean',26.51),(421,'Sour Puss','Tangerine',541.13),(422,'Sparkling Wine','Rose, Freixenet',278.39),(423,'Spice','Greek 1 Step',876.16),(424,'Spice','Montreal Steak Spice',162.44),(425,'Spice','Pepper Portions',633.03),(426,'Spoon','Soup, Plastic',725.59),(427,'Sprouts','Baby Pea Tendrils',964.7),(428,'Sprouts','Peppercress',238.7),(429,'Squash','Acorn',230.53),(430,'Squid','U - 10 Thailand',334.13),(431,'Steampan','Half Size Shallow',299.21),(432,'Stock','Beef, Brown',104.28),(433,'Stock','Veal, White',298.56),(434,'Strawberries','California',966.26),(435,'Straws','Cocktale',929.82),(436,'Sugar','Crumb',237.48),(437,'Sugar','Invert',962.07),(438,'Sugar','Splenda Sweetener',601.05),(439,'Syrup','Kahlua Chocolate',642.97),(440,'Syrup','Monin - Blue Curacao',181.49),(441,'Syrup','Monin, Irish Cream',660.09),(442,'Syrup','Pancake',607.27),(443,'Tart','Pecan Butter Squares',262.75),(444,'Tart','Raisin And Pecan',843.72),(445,'Tart Shells','Savory, 2',346.29),(446,'Tart Shells','Sweet, 2',456.62),(447,'Tea','Apple Green Tea',877.56),(448,'Tea','Camomele',539.04),(449,'Tea','Decaf Lipton',256.45),(450,'Tea','Earl Grey',867.75),(451,'Tea','Herbal - 6 Asst',537.7),(452,'Tea','Herbal I Love Lemon',521.27),(453,'Tea','Herbal Orange Spice',311.94),(454,'Tea','Honey Green Tea',367.3),(455,'Tea','Mint',965.81),(456,'Tea','Vanilla Chai',115.44),(457,'The Pop Shoppe','Black Cherry',35.72),(458,'The Pop Shoppe','Cream Soda',514.59),(459,'Tofu','Soft',36.7),(460,'Tomatoes','Roma',330.9),(461,'Tomatoes','Vine Ripe, Red',766.95),(462,'Tortillas','Flour, 10',760.46),(463,'Tortillas','Flour, 12',964.45),(464,'Tortillas','Flour, 8',705.06),(465,'Towel','Roll White',211.38),(466,'Tray','16in Rnd Blk',315.07),(467,'Trout','Hot Smkd, Dbl Fillet',673.56),(468,'Trout','Smoked',405.9),(469,'Truffle','Peelings',804.57),(470,'Truffle Shells','Semi - Sweet',221.15),(471,'Tuna','Loin',432.37),(472,'Tuna','Sushi Grade',743.15),(473,'Turkey','Breast, Boneless Sk On',71.88),(474,'Turnip','Mini',805.4),(475,'Veal','Brisket, Provimi,bnls',437.78),(476,'Veal','Chops, Split, Frenched',237.79),(477,'Veal','Inside Round / Top, Lean',640.5),(478,'Veal','Insides Provini',850.04),(479,'Veal','Insides, Grains',211.29),(480,'Veal','Provimi Inside',569.13),(481,'Veal','Round, Eye Of',878.61),(482,'Veal','Slab Bacon',890.17),(483,'Veal','Sweetbread',895.67),(484,'Veal Inside','Provimi',197.51),(485,'Vegetable','Base',29.95),(486,'Vinegar','Balsamic, White',220.41),(487,'Vinegar','Champagne',936.83),(488,'Vinegar','Sherry',105.14),(489,'Vinegar','White Wine',743.14),(490,'Vodka','Lemon, Absolut',572.38),(491,'Vodka','Moskovskaya',879.11),(492,'Water','San Pellegrino',924.71),(493,'Water','Spring 1.5lit',292.33),(494,'Water','Spring Water 500ml',857.84),(495,'Water Chestnut','Canned',699.4),(496,'Wild Boar','Tenderloin',777.26),(497,'Wine','Balbach Riverside',83.72),(498,'Wine','Barolo Fontanafredda',284.36),(499,'Wine','Baron De Rothschild',291.15),(500,'Wine','Barossa Valley Estate',661.84),(501,'Wine','Beringer Founders Estate',877.07),(502,'Wine','Bourgogne 2002, La',342.57),(503,'Wine','Cahors Ac 2000, Clos',54.26),(504,'Wine','Casablanca Valley',708.49),(505,'Wine','Casillero Deldiablo',850.43),(506,'Wine','Cava Aria Estate Brut',651.58),(507,'Wine','Cave Springs Dry Riesling',485.2),(508,'Wine','Charddonnay Errazuriz',757.46),(509,'Wine','Chenin Blanc K.w.v.',894.31),(510,'Wine','Conde De Valdemar',82.16),(511,'Wine','Coteaux Du Tricastin Ac',497.45),(512,'Wine','Cousino Macul Antiguas',154.72),(513,'Wine','Crozes Hermitage E.',64.01),(514,'Wine','Delicato Merlot',260.35),(515,'Wine','Fontanafredda Barolo',175.4),(516,'Wine','Fume Blanc Fetzer',162.34),(517,'Wine','Gato Negro Cabernet',217.19),(518,'Wine','German Riesling',165.48),(519,'Wine','Jafflin Bourgongone',279.03),(520,'Wine','Kwv Chenin Blanc South',800.88),(521,'Wine','Lou Black Shiraz',134.8),(522,'Wine','Magnotta - Pinot Gris Sr',381.49),(523,'Wine','Magnotta, Merlot Sr Vqa',821.12),(524,'Wine','Masi Valpolocell',373.17),(525,'Wine','Niagara Peninsula Vqa',373.01),(526,'Wine','Niagara,vqa Reisling',900.32),(527,'Wine','Pinot Grigio Collavini',467.59),(528,'Wine','Prosecco Valdobiaddene',104.49),(529,'Wine','Prosecco Valdobienne',498.92),(530,'Wine','Red, Antinori Santa',479.4),(531,'Wine','Red, Black Opal Shiraz',363.18),(532,'Wine','Red, Cooking',566.47),(533,'Wine','Red, Harrow Estates, Cab',791.37),(534,'Wine','Red, Lurton Merlot De',709.9),(535,'Wine','Red, Wolf Blass, Yellow',334.33),(536,'Wine','Remy Pannier Rose',734.2),(537,'Wine','Rhine Riesling Wolf Blass',784.98),(538,'Wine','Riesling Alsace Ac 2001',874.36),(539,'Wine','Rosso Del Veronese Igt',134.45),(540,'Wine','Sauvignon Blanc Oyster',474),(541,'Wine','Savigny - Les - Beaune',946.48),(542,'Wine','Sawmill Creek Autumn',159.87),(543,'Wine','Shiraz Wolf Blass Premium',212.77),(544,'Wine','Soave Folonari',23.85),(545,'Wine','Stoneliegh Sauvignon',609.27),(546,'Wine','Toasted Head',229.06),(547,'Wine','Trimbach Pinot Blanc',513.02),(548,'Wine','Two Oceans Sauvignon',960.3),(549,'Wine','Valpolicella Masi',906.11),(550,'Wine','Vidal Icewine Magnotta',186.19),(551,'Wine','Vineland Estate Semi - Dry',247.28),(552,'Wine','Vovray Sec Domaine Huet',284.21),(553,'Wine','White, Colubia Cresh',341.51),(554,'Wine','White, Cooking',698.85),(555,'Wine','White, Ej',955.14),(556,'Wine','White, Lindemans Bin 95',609.59),(557,'Wine','White, Pelee Island',340.98),(558,'Wine','White, Riesling, Henry Of',242.09),(559,'Wine','Wyndham Estate Bin 777',87.94),(560,'Wine','Zinfandel California 2002',913.53),(561,'Wine','Zinfandel Rosenblum',401.46),(562,'Yeast','Fresh, Fleischman',389.9),(563,'Yogurt','Blueberry, 175 Gr',61.14),(564,'Yogurt','Cherry, 175 Gr',819.49),(565,'Yogurt','French Vanilla',180.9);
/*!40000 ALTER TABLE `product` ENABLE KEYS */;
UNLOCK TABLES;
/*!40103 SET TIME_ZONE=@OLD_TIME_ZONE */;

/*!40101 SET SQL_MODE=@OLD_SQL_MODE */;
/*!40014 SET FOREIGN_KEY_CHECKS=@OLD_FOREIGN_KEY_CHECKS */;
/*!40014 SET UNIQUE_CHECKS=@OLD_UNIQUE_CHECKS */;
/*!40101 SET CHARACTER_SET_CLIENT=@OLD_CHARACTER_SET_CLIENT */;
/*!40101 SET CHARACTER_SET_RESULTS=@OLD_CHARACTER_SET_RESULTS */;
/*!40101 SET COLLATION_CONNECTION=@OLD_COLLATION_CONNECTION */;
/*!40111 SET SQL_NOTES=@OLD_SQL_NOTES */;

-- Dump completed on 2017-12-16 17:04:57
